Cell;Band(MHz);Date;Data_Volume
cell0001;1800;01/01/2023;66900
cell0001;1800;02/01/2023;80100
cell0001;1800;03/01/2023;85700
cell0001;1800;04/01/2023;73400
cell0001;1800;05/01/2023;65500
cell0001;1800;06/01/2023;74000
cell0001;1800;07/01/2023;82400
cell0001;1800;08/01/2023;48500
cell0001;1800;09/01/2023;58400
cell0001;1800;10/01/2023;48100
cell0001;1800;11/01/2023;86500
cell0001;1800;12/01/2023;62000
cell0001;1800;13/01/2023;48600
cell0001;1800;14/01/2023;70400
cell0001;1800;15/01/2023;45000
cell0001;1800;16/01/2023;69100
cell0001;1800;17/01/2023;94900
cell0001;1800;18/01/2023;25000
cell0001;1800;19/01/2023;44000
cell0001;1800;20/01/2023;27500
cell0001;1800;21/01/2023;44400
cell0001;1800;22/01/2023;59200
cell0001;1800;23/01/2023;50000
cell0001;1800;24/01/2023;71300
cell0001;1800;25/01/2023;53500
cell0001;1800;26/01/2023;100000
cell0001;1800;27/01/2023;71100
cell0001;1800;28/01/2023;80900
cell0001;1800;29/01/2023;68600
cell0001;1800;30/01/2023;74300
cell0001;1800;31/01/2023;65800
cell0001;1800;01/02/2023;67500
cell0001;1800;02/02/2023;146300
cell0001;1800;03/02/2023;113800
cell0001;1800;04/02/2023;95800
cell0001;1800;05/02/2023;107800
cell0001;1800;06/02/2023;40000
cell0001;1800;07/02/2023;88500
cell0001;1800;08/02/2023;91200
cell0001;1800;09/02/2023;102800
cell0001;1800;10/02/2023;64000
cell0001;1800;11/02/2023;84700
cell0001;1800;12/02/2023;70100
cell0001;1800;13/02/2023;142500
cell0001;1800;14/02/2023;88400
cell0001;1800;15/02/2023;75500
cell0001;1800;16/02/2023;43300
cell0001;1800;17/02/2023;46700
cell0001;1800;18/02/2023;63700
cell0001;1800;19/02/2023;72700
cell0001;1800;20/02/2023;42500
cell0001;1800;21/02/2023;53400
cell0001;1800;22/02/2023;60800
cell0001;1800;23/02/2023;58600
cell0001;1800;24/02/2023;66400
cell0001;1800;25/02/2023;67500
cell0001;1800;26/02/2023;79200
cell0001;1800;27/02/2023;63100
cell0001;1800;28/02/2023;67700
cell0001;1800;01/03/2023;40000
cell0001;1800;02/03/2023;62200
cell0001;1800;03/03/2023;70700
cell0001;1800;04/03/2023;60300
cell0001;1800;05/03/2023;61200
cell0001;1800;06/03/2023;69400
cell0001;1800;07/03/2023;96000
cell0001;1800;08/03/2023;60600
cell0001;1800;09/03/2023;70800
cell0001;1800;10/03/2023;60400
cell0001;1800;11/03/2023;143000
cell0001;1800;12/03/2023;80800
cell0001;1800;13/03/2023;67500
cell0001;1800;14/03/2023;61000
cell0001;1800;15/03/2023;59600
cell0001;1800;16/03/2023;53600
cell0001;1800;17/03/2023;84300
cell0001;1800;18/03/2023;107200
cell0001;1800;19/03/2023;59400
cell0001;1800;20/03/2023;63900
cell0001;1800;21/03/2023;69400
cell0001;1800;22/03/2023;62500
cell0001;1800;23/03/2023;58300
cell0001;1800;24/03/2023;70800
cell0001;1800;25/03/2023;86200
cell0001;1800;26/03/2023;76200
cell0001;1800;27/03/2023;140300
cell0001;1800;28/03/2023;62300
cell0001;1800;29/03/2023;63500
cell0001;1800;30/03/2023;61100
cell0001;1800;31/03/2023;67500
cell0001;1800;01/04/2023;93800
cell0001;1800;02/04/2023;73600
cell0001;1800;03/04/2023;97200
cell0001;1800;04/04/2023;87500
cell0001;1800;05/04/2023;71700
cell0001;1800;06/04/2023;96300
cell0001;1800;07/04/2023;87500
cell0001;1800;08/04/2023;64400
cell0001;1800;09/04/2023;110100
cell0001;1800;10/04/2023;90800
cell0001;1800;11/04/2023;159900
cell0001;1800;12/04/2023;94400
cell0001;1800;13/04/2023;72500
cell0001;1800;14/04/2023;83200
cell0001;1800;15/04/2023;62000
cell0001;1800;16/04/2023;61200
cell0001;1800;17/04/2023;125000
cell0001;1800;18/04/2023;55200
cell0001;1800;19/04/2023;87500
cell0001;1800;20/04/2023;50000
cell0001;1800;21/04/2023;30000
cell0001;1800;22/04/2023;87500
cell0001;1800;23/04/2023;93800
cell0001;1800;24/04/2023;47500
cell0001;1800;25/04/2023;68900
cell0001;1800;26/04/2023;41000
cell0001;1800;27/04/2023;32500
cell0001;1800;28/04/2023;62800
cell0001;1800;29/04/2023;67500
cell0001;1800;30/04/2023;67500
cell0001;1800;01/05/2023;58800
cell0001;1800;02/05/2023;53800
cell0001;1800;03/05/2023;54400
cell0001;1800;04/05/2023;53800
cell0001;1800;05/05/2023;54300
cell0001;1800;06/05/2023;51300
cell0001;1800;07/05/2023;43900
cell0001;1800;08/05/2023;66400
cell0001;1800;09/05/2023;62800
cell0001;1800;10/05/2023;94500
cell0001;1800;11/05/2023;65600
cell0001;1800;12/05/2023;81300
cell0001;1800;13/05/2023;66900
cell0001;1800;14/05/2023;66800
cell0001;1800;15/05/2023;76100
cell0001;1800;16/05/2023;65600
cell0001;1800;17/05/2023;84700
cell0001;1800;18/05/2023;100000
cell0001;1800;19/05/2023;47800
cell0001;1800;20/05/2023;82600
cell0001;1800;21/05/2023;112500
cell0001;1800;22/05/2023;65400
cell0001;1800;23/05/2023;61400
cell0001;1800;24/05/2023;65900
cell0001;1800;25/05/2023;47500
cell0001;1800;26/05/2023;58600
cell0001;1800;27/05/2023;155000
cell0001;1800;28/05/2023;66700
cell0001;1800;29/05/2023;67500
cell0001;1800;30/05/2023;60600
cell0001;1800;31/05/2023;96300
cell0001;1800;01/06/2023;61800
cell0001;1800;02/06/2023;68200
cell0001;1800;03/06/2023;68900
cell0001;1800;04/06/2023;82200
cell0001;1800;05/06/2023;100000
cell0001;1800;06/06/2023;100900
cell0001;1800;07/06/2023;32900
cell0001;1800;08/06/2023;42500
cell0001;1800;09/06/2023;69400
cell0001;1800;10/06/2023;68500
cell0001;1800;11/06/2023;58800
cell0001;1800;12/06/2023;124700
cell0001;1800;13/06/2023;72100
cell0001;1800;14/06/2023;76900
cell0001;1800;15/06/2023;90000
cell0001;1800;16/06/2023;104100
cell0001;1800;17/06/2023;93400
cell0001;1800;18/06/2023;95000
cell0001;1800;19/06/2023;67500
cell0001;1800;20/06/2023;50000
cell0001;1800;21/06/2023;92900
cell0001;1800;22/06/2023;382400
cell0001;1800;23/06/2023;83700
cell0001;1800;24/06/2023;65800
cell0001;1800;25/06/2023;199300
cell0001;1800;26/06/2023;167400
cell0001;1800;27/06/2023;137500
cell0001;1800;28/06/2023;55400
cell0001;1800;29/06/2023;93400
cell0001;1800;30/06/2023;91800
cell0001;1800;01/07/2023;98000
cell0001;1800;02/07/2023;54200
cell0001;1800;03/07/2023;81000
cell0001;1800;04/07/2023;100000
cell0001;1800;05/07/2023;57400
cell0001;1800;06/07/2023;158500
cell0001;1800;07/07/2023;353100
cell0001;1800;08/07/2023;176400
cell0001;1800;09/07/2023;62300
cell0001;1800;10/07/2023;110700
cell0001;1800;11/07/2023;78500
cell0001;1800;12/07/2023;121300
cell0001;1800;13/07/2023;318100
cell0001;1800;14/07/2023;98700
cell0001;1800;15/07/2023;65000
cell0001;1800;16/07/2023;116300
cell0001;1800;17/07/2023;194500
cell0001;1800;18/07/2023;134500
cell0001;1800;19/07/2023;258100
cell0001;1800;20/07/2023;73300
cell0001;1800;21/07/2023;74400
cell0001;1800;22/07/2023;128000
cell0001;1800;23/07/2023;238800
cell0001;1800;24/07/2023;78000
cell0001;1800;25/07/2023;97800
cell0001;1800;26/07/2023;259200
cell0001;1800;27/07/2023;168800
cell0001;1800;28/07/2023;177800
cell0001;1800;29/07/2023;285000
cell0001;1800;30/07/2023;341700
cell0001;1800;31/07/2023;138300
cell0001;1800;01/08/2023;103100
cell0001;1800;02/08/2023;84000
cell0001;1800;03/08/2023;115100
cell0001;1800;04/08/2023;500001
cell0001;1800;05/08/2023;98100
cell0001;1800;06/08/2023;72400
cell0001;1800;07/08/2023;88400
cell0001;1800;08/08/2023;97500
cell0001;1800;09/08/2023;403300
cell0001;1800;10/08/2023;99100
cell0001;1800;11/08/2023;134600
cell0001;1800;12/08/2023;127100
cell0001;1800;13/08/2023;104200
cell0001;1800;14/08/2023;83000
cell0001;1800;15/08/2023;65300
cell0001;1800;16/08/2023;85200
cell0001;1800;17/08/2023;142500
cell0001;1800;18/08/2023;90900
cell0001;1800;19/08/2023;113600
cell0001;1800;20/08/2023;81000
cell0001;1800;21/08/2023;145200
cell0001;1800;22/08/2023;115300
cell0001;1800;23/08/2023;65900
cell0001;1800;24/08/2023;148900
cell0001;1800;25/08/2023;146400
cell0001;1800;26/08/2023;66600
cell0001;1800;27/08/2023;87500
cell0001;1800;28/08/2023;94800
cell0001;1800;29/08/2023;248100
cell0001;1800;30/08/2023;64700
cell0001;1800;31/08/2023;51300
cell0001;1800;01/09/2023;61100
cell0001;1800;02/09/2023;66000
cell0001;1800;03/09/2023;61000
cell0001;1800;04/09/2023;89600
cell0001;1800;05/09/2023;112500
cell0001;1800;06/09/2023;130400
cell0001;1800;07/09/2023;145200
cell0001;1800;08/09/2023;189900
cell0001;1800;09/09/2023;68200
cell0001;1800;10/09/2023;125200
cell0001;1800;11/09/2023;110900
cell0001;1800;12/09/2023;159000
cell0001;1800;13/09/2023;220500
cell0001;1800;14/09/2023;124100
cell0001;1800;15/09/2023;199400
cell0001;1800;16/09/2023;183900
cell0001;1800;17/09/2023;235600
cell0001;1800;18/09/2023;500001
cell0001;1800;19/09/2023;69600
cell0001;1800;20/09/2023;321900
cell0001;1800;21/09/2023;148200
cell0001;1800;22/09/2023;22500
cell0001;1800;23/09/2023;76600
cell0001;1800;24/09/2023;50000
cell0001;1800;25/09/2023;230200
cell0001;1800;26/09/2023;345500
cell0001;1800;27/09/2023;116500
cell0001;1800;28/09/2023;113500
cell0001;1800;29/09/2023;172900
cell0001;1800;30/09/2023;198100
cell0001;1800;01/10/2023;67400
cell0001;1800;02/10/2023;169100
cell0001;1800;03/10/2023;240600
cell0001;1800;04/10/2023;193800
cell0001;1800;05/10/2023;161100
cell0001;1800;06/10/2023;156300
cell0001;1800;07/10/2023;66300
cell0001;1800;08/10/2023;81700
cell0001;1800;09/10/2023;122900
cell0001;1800;10/10/2023;214300
cell0001;1800;11/10/2023;158200
cell0001;1800;12/10/2023;143400
cell0001;1800;13/10/2023;217400
cell0001;1800;14/10/2023;308600
cell0001;1800;15/10/2023;111400
cell0001;1800;16/10/2023;42500
cell0001;1800;17/10/2023;173400
cell0001;1800;18/10/2023;187200
cell0001;1800;19/10/2023;214500
cell0001;1800;20/10/2023;63000
cell0001;1800;21/10/2023;221000
cell0001;1800;22/10/2023;90000
cell0001;1800;23/10/2023;231800
cell0001;1800;24/10/2023;206100
cell0001;1800;25/10/2023;100000
cell0001;1800;26/10/2023;274600
cell0001;1800;27/10/2023;84700
cell0001;1800;28/10/2023;90800
cell0001;1800;29/10/2023;167800
cell0001;1800;30/10/2023;199200
cell0001;1800;31/10/2023;119300
cell0001;1800;01/11/2023;202100
cell0001;1800;02/11/2023;57400
cell0001;1800;03/11/2023;163100
cell0001;1800;04/11/2023;197600
cell0001;1800;05/11/2023;147800
cell0001;1800;06/11/2023;58000
cell0001;1800;07/11/2023;91100
cell0001;1800;08/11/2023;170700
cell0001;1800;09/11/2023;164500
cell0001;1800;10/11/2023;170200
cell0001;1800;11/11/2023;285400
cell0001;1800;12/11/2023;187200
cell0001;1800;13/11/2023;73400
cell0001;1800;14/11/2023;54600
cell0001;1800;15/11/2023;130800
cell0001;1800;16/11/2023;128100
cell0001;1800;17/11/2023;248900
cell0001;1800;18/11/2023;259900
cell0001;1800;19/11/2023;176000
cell0001;1800;20/11/2023;226500
cell0001;1800;21/11/2023;225000
cell0001;1800;22/11/2023;128600
cell0001;1800;23/11/2023;55000
cell0001;1800;24/11/2023;140000
cell0001;1800;25/11/2023;166700
cell0001;1800;26/11/2023;171500
cell0001;1800;27/11/2023;196600
cell0001;1800;28/11/2023;72600
cell0001;1800;29/11/2023;81000
cell0001;1800;30/11/2023;146300
cell0001;1800;01/12/2023;81700
cell0001;1800;02/12/2023;137500
cell0001;1800;03/12/2023;210900
cell0001;1800;04/12/2023;158300
cell0001;1800;05/12/2023;185300
cell0001;1800;06/12/2023;293100
cell0001;1800;07/12/2023;55000
cell0001;1800;08/12/2023;77700
cell0001;1800;09/12/2023;189700
cell0001;1800;10/12/2023;98600
cell0001;1800;11/12/2023;71800
cell0001;1800;12/12/2023;127900
cell0001;1800;13/12/2023;93800
cell0001;1800;14/12/2023;234500
cell0001;1800;15/12/2023;167200
cell0001;1800;16/12/2023;189200
cell0001;1800;17/12/2023;146900
cell0001;1800;18/12/2023;153800
cell0001;1800;19/12/2023;294700
cell0001;1800;20/12/2023;307100
cell0001;1800;21/12/2023;193800
cell0001;1800;22/12/2023;123400
cell0001;1800;23/12/2023;189700
cell0001;1800;24/12/2023;147100
cell0001;1800;25/12/2023;131000
cell0001;1800;26/12/2023;139500
cell0001;1800;27/12/2023;159500
cell0001;1800;28/12/2023;174400
cell0001;1800;29/12/2023;170100
cell0001;1800;30/12/2023;232000
cell0001;1800;31/12/2023;208800
cell0001;1800;01/01/2024;316400
cell0001;1800;02/01/2024;300300
cell0001;1800;03/01/2024;143800
cell0001;1800;04/01/2024;145000
cell0001;1800;05/01/2024;178000
cell0001;1800;06/01/2024;165300
cell0001;1800;07/01/2024;155700
cell0001;1800;08/01/2024;184600
cell0001;1800;09/01/2024;160400
cell0001;1800;10/01/2024;159100
cell0001;1800;11/01/2024;181300
cell0001;1800;12/01/2024;95600
cell0001;1800;13/01/2024;121500
cell0001;1800;14/01/2024;112800
cell0001;1800;15/01/2024;239900
cell0001;1800;16/01/2024;211900
cell0001;1800;17/01/2024;150000
cell0001;1800;18/01/2024;119000
cell0001;1800;19/01/2024;163500
cell0001;1800;20/01/2024;171000
cell0001;1800;21/01/2024;125400
cell0001;1800;22/01/2024;140600
cell0001;1800;23/01/2024;142300
cell0001;1800;24/01/2024;78500
cell0001;1800;25/01/2024;153500
cell0001;1800;26/01/2024;137600
cell0001;1800;27/01/2024;118900
cell0001;1800;28/01/2024;120000
cell0001;1800;29/01/2024;227800
cell0001;1800;30/01/2024;177200
cell0001;1800;31/01/2024;166300
cell0001;1800;01/02/2024;147800
cell0001;1800;02/02/2024;159200
cell0001;1800;03/02/2024;137500
cell0001;1800;04/02/2024;109800
cell0001;1800;05/02/2024;193200
cell0001;1800;06/02/2024;229700
cell0001;1800;07/02/2024;116300
cell0001;1800;08/02/2024;95300
cell0001;1800;09/02/2024;74000
cell0001;1800;10/02/2024;95900
cell0001;1800;11/02/2024;109500
cell0001;1800;12/02/2024;85800
cell0001;1800;13/02/2024;89400
cell0001;1800;14/02/2024;91200
cell0001;1800;15/02/2024;94500
cell0001;1800;16/02/2024;173900
cell0001;1800;17/02/2024;117000
cell0001;1800;18/02/2024;222600
cell0001;1800;19/02/2024;129400
cell0001;1800;20/02/2024;168700
cell0001;1800;21/02/2024;144900
cell0001;1800;22/02/2024;108300
cell0001;1800;23/02/2024;147700
cell0001;1800;24/02/2024;100000
cell0001;1800;25/02/2024;123200
cell0001;1800;26/02/2024;138100
cell0001;1800;27/02/2024;296400
cell0001;1800;28/02/2024;303400
cell0001;1800;29/02/2024;266200
cell0001;1800;01/03/2024;157100
cell0001;1800;02/03/2024;88500
cell0001;1800;03/03/2024;44700
cell0001;1800;04/03/2024;81900
cell0001;1800;05/03/2024;83000
cell0001;1800;06/03/2024;76300
cell0001;1800;07/03/2024;87600
cell0001;1800;08/03/2024;87000
cell0001;1800;09/03/2024;186500
cell0001;1800;10/03/2024;158500
cell0001;1800;11/03/2024;160300
cell0001;1800;12/03/2024;166100
cell0001;1800;13/03/2024;152500
cell0001;1800;14/03/2024;134400
cell0001;1800;15/03/2024;124100
cell0001;1800;16/03/2024;120800
cell0001;1800;17/03/2024;133700
cell0001;1800;18/03/2024;123800
cell0001;1800;19/03/2024;138800
cell0001;1800;20/03/2024;132800
cell0001;1800;21/03/2024;112100
cell0001;1800;22/03/2024;91200
cell0001;1800;23/03/2024;73200
cell0001;1800;24/03/2024;74800
cell0001;1800;25/03/2024;86200
cell0001;1800;26/03/2024;76900
cell0001;1800;27/03/2024;287500
cell0001;1800;28/03/2024;112500
cell0001;1800;29/03/2024;111400
cell0001;1800;30/03/2024;113600
cell0001;1800;31/03/2024;112500
cell0001;1800;01/04/2024;138600
cell0001;1800;02/04/2024;136400
cell0001;1800;03/04/2024;226900
cell0001;1800;04/04/2024;228900
cell0001;1800;05/04/2024;270700
cell0001;1800;06/04/2024;186900
cell0001;1800;07/04/2024;176100
cell0001;1800;08/04/2024;233400
cell0001;1800;09/04/2024;153300
cell0001;1800;10/04/2024;133900
cell0001;1800;11/04/2024;117500
cell0001;1800;12/04/2024;316700
cell0001;1800;13/04/2024;89800
cell0001;1800;14/04/2024;73200
cell0001;1800;15/04/2024;68300
cell0001;1800;16/04/2024;139300
cell0001;1800;17/04/2024;107900
cell0001;1800;18/04/2024;85700
cell0001;1800;19/04/2024;151700
cell0001;1800;20/04/2024;153200
cell0001;1800;21/04/2024;146400
cell0001;1800;22/04/2024;134500
cell0001;1800;23/04/2024;164400
cell0001;1800;24/04/2024;189700
cell0001;1800;25/04/2024;379600
cell0001;1800;26/04/2024;214000
cell0001;1800;27/04/2024;170800
cell0001;1800;28/04/2024;173700
cell0001;1800;29/04/2024;162300
cell0001;1800;30/04/2024;175300
cell0001;1800;01/05/2024;223300
cell0001;1800;02/05/2024;121400
cell0001;1800;03/05/2024;70500
cell0001;1800;04/05/2024;69000
cell0001;1800;05/05/2024;157100
cell0001;1800;06/05/2024;195900
cell0001;1800;07/05/2024;147500
cell0001;1800;08/05/2024;113100
cell0001;1800;09/05/2024;69400
cell0001;1800;10/05/2024;77000
cell0001;1800;11/05/2024;97800
cell0001;1800;12/05/2024;43000
cell0001;1800;13/05/2024;181300
cell0001;1800;14/05/2024;134200
cell0001;1800;15/05/2024;154600
cell0001;1800;16/05/2024;201000
cell0001;1800;17/05/2024;250000
cell0001;1800;18/05/2024;195800
cell0001;1800;19/05/2024;165100
cell0001;1800;20/05/2024;165800
cell0001;1800;21/05/2024;222800
cell0001;1800;22/05/2024;301600
cell0001;1800;23/05/2024;215300
cell0001;1800;24/05/2024;189900
cell0001;1800;25/05/2024;153800
cell0001;1800;26/05/2024;169500
cell0001;1800;27/05/2024;143300
cell0001;1800;28/05/2024;149600
cell0001;1800;29/05/2024;169500
cell0001;1800;30/05/2024;113800
cell0001;1800;31/05/2024;150100
cell0001;1800;01/06/2024;193500
cell0001;1800;02/06/2024;69400
cell0001;1800;03/06/2024;87200
cell0001;1800;04/06/2024;94400
cell0001;1800;05/06/2024;419200
cell0001;1800;06/06/2024;150400
cell0001;1800;07/06/2024;140800
cell0001;1800;08/06/2024;150300
cell0001;1800;09/06/2024;241400
cell0001;1800;10/06/2024;173500
cell0001;1800;11/06/2024;226800
cell0001;1800;12/06/2024;189100
cell0001;1800;13/06/2024;118800
cell0001;1800;14/06/2024;143200
cell0001;1800;15/06/2024;123500
cell0001;1800;16/06/2024;131000
cell0001;1800;17/06/2024;264100
cell0001;1800;18/06/2024;170400
cell0001;1800;19/06/2024;55500
cell0001;1800;20/06/2024;72000
cell0001;1800;21/06/2024;70400
cell0001;1800;22/06/2024;135200
cell0001;1800;23/06/2024;118800
cell0001;1800;24/06/2024;362300
cell0001;1800;25/06/2024;378300
cell0001;1800;26/06/2024;151400
cell0001;1800;27/06/2024;143300
cell0001;1800;28/06/2024;121900
cell0001;1800;29/06/2024;185100
cell0001;1800;30/06/2024;193500
cell0001;1800;01/07/2024;344700
cell0001;1800;02/07/2024;176500
cell0001;1800;03/07/2024;270500
cell0001;1800;04/07/2024;330000
cell0001;1800;05/07/2024;81700
cell0001;1800;06/07/2024;67000
cell0001;1800;07/07/2024;67000
cell0001;1800;08/07/2024;166900
cell0001;1800;09/07/2024;194400
cell0001;1800;10/07/2024;164200
cell0001;1800;11/07/2024;125000
cell0001;1800;12/07/2024;58300
cell0001;1800;13/07/2024;252600
cell0001;1800;14/07/2024;231200
cell0001;1800;15/07/2024;222500
cell0001;1800;16/07/2024;153100
cell0001;1800;17/07/2024;181300
cell0001;1800;18/07/2024;137500
cell0001;1800;19/07/2024;300000
cell0001;1800;20/07/2024;414300
cell0001;1800;21/07/2024;126300
cell0001;1800;22/07/2024;83400
cell0001;1800;23/07/2024;241500
cell0001;1800;24/07/2024;115400
cell0001;1800;25/07/2024;150700
cell0001;1800;26/07/2024;484700
cell0001;1800;27/07/2024;250000
cell0001;1800;28/07/2024;369200
cell0001;1800;29/07/2024;350000
cell0012;1800;01/01/2023;168900
cell0012;1800;02/01/2023;160200
cell0012;1800;03/01/2023;84200
cell0012;1800;04/01/2023;159300
cell0012;1800;05/01/2023;155300
cell0012;1800;06/01/2023;235600
cell0012;1800;07/01/2023;149300
cell0012;1800;08/01/2023;164200
cell0012;1800;09/01/2023;223700
cell0012;1800;10/01/2023;189600
cell0012;1800;11/01/2023;152500
cell0012;1800;12/01/2023;178100
cell0012;1800;13/01/2023;135200
cell0012;1800;14/01/2023;120800
cell0012;1800;15/01/2023;132300
cell0012;1800;16/01/2023;129100
cell0012;1800;17/01/2023;132200
cell0012;1800;18/01/2023;120800
cell0012;1800;19/01/2023;266900
cell0012;1800;20/01/2023;293900
cell0012;1800;21/01/2023;221600
cell0012;1800;22/01/2023;14999
cell0012;1800;23/01/2023;61600
cell0012;1800;24/01/2023;69300
cell0012;1800;25/01/2023;191600
cell0012;1800;26/01/2023;105200
cell0012;1800;27/01/2023;108900
cell0012;1800;28/01/2023;120700
cell0012;1800;29/01/2023;112500
cell0012;1800;30/01/2023;134700
cell0012;1800;31/01/2023;337200
cell0012;1800;01/02/2023;160100
cell0012;1800;02/02/2023;148300
cell0012;1800;03/02/2023;164000
cell0012;1800;04/02/2023;180900
cell0012;1800;05/02/2023;182200
cell0012;1800;06/02/2023;168900
cell0012;1800;07/02/2023;177200
cell0012;1800;08/02/2023;147900
cell0012;1800;09/02/2023;158200
cell0012;1800;10/02/2023;163000
cell0012;1800;11/02/2023;185700
cell0012;1800;12/02/2023;154200
cell0012;1800;13/02/2023;217100
cell0012;1800;14/02/2023;144700
cell0012;1800;15/02/2023;119200
cell0012;1800;16/02/2023;141400
cell0012;1800;17/02/2023;126900
cell0012;1800;18/02/2023;118500
cell0012;1800;19/02/2023;125400
cell0012;1800;20/02/2023;267400
cell0012;1800;21/02/2023;245200
cell0012;1800;22/02/2023;273600
cell0012;1800;23/02/2023;281700
cell0012;1800;24/02/2023;98100
cell0012;1800;25/02/2023;76600
cell0012;1800;26/02/2023;101500
cell0012;1800;27/02/2023;220300
cell0012;1800;28/02/2023;113500
cell0012;1800;01/03/2023;187500
cell0012;1800;02/03/2023;243800
cell0012;1800;03/03/2023;212800
cell0012;1800;04/03/2023;248300
cell0012;1800;05/03/2023;182100
cell0012;1800;06/03/2023;209700
cell0012;1800;07/03/2023;220000
cell0012;1800;08/03/2023;174400
cell0012;1800;09/03/2023;220500
cell0012;1800;10/03/2023;171300
cell0012;1800;11/03/2023;161200
cell0012;1800;12/03/2023;118200
cell0012;1800;13/03/2023;187300
cell0012;1800;14/03/2023;130400
cell0012;1800;15/03/2023;129700
cell0012;1800;16/03/2023;123600
cell0012;1800;17/03/2023;142000
cell0012;1800;18/03/2023;154400
cell0012;1800;19/03/2023;125400
cell0012;1800;20/03/2023;120600
cell0012;1800;21/03/2023;99600
cell0012;1800;22/03/2023;103000
cell0012;1800;23/03/2023;109900
cell0012;1800;24/03/2023;175500
cell0012;1800;25/03/2023;179400
cell0012;1800;26/03/2023;156100
cell0012;1800;27/03/2023;266600
cell0012;1800;28/03/2023;290500
cell0012;1800;29/03/2023;213700
cell0012;1800;30/03/2023;227700
cell0012;1800;31/03/2023;166900
cell0012;1800;01/04/2023;66800
cell0012;1800;02/04/2023;98300
cell0012;1800;03/04/2023;92000
cell0012;1800;04/04/2023;103500
cell0012;1800;05/04/2023;104900
cell0012;1800;06/04/2023;132100
cell0012;1800;07/04/2023;150000
cell0012;1800;08/04/2023;335600
cell0012;1800;09/04/2023;296200
cell0012;1800;10/04/2023;342300
cell0012;1800;11/04/2023;314900
cell0012;1800;12/04/2023;192900
cell0012;1800;13/04/2023;175700
cell0012;1800;14/04/2023;436100
cell0012;1800;15/04/2023;177400
cell0012;1800;16/04/2023;254200
cell0012;1800;17/04/2023;243400
cell0012;1800;18/04/2023;146700
cell0012;1800;19/04/2023;306800
cell0012;1800;20/04/2023;143800
cell0012;1800;21/04/2023;144700
cell0012;1800;22/04/2023;141400
cell0012;1800;23/04/2023;152200
cell0012;1800;24/04/2023;144000
cell0012;1800;25/04/2023;132000
cell0012;1800;26/04/2023;140700
cell0012;1800;27/04/2023;137000
cell0012;1800;28/04/2023;109800
cell0012;1800;29/04/2023;158900
cell0012;1800;30/04/2023;89300
cell0012;1800;01/05/2023;115000
cell0012;1800;02/05/2023;137500
cell0012;1800;03/05/2023;303900
cell0012;1800;04/05/2023;247800
cell0012;1800;05/05/2023;225600
cell0012;1800;06/05/2023;181600
cell0012;1800;07/05/2023;160200
cell0012;1800;08/05/2023;151900
cell0012;1800;09/05/2023;139800
cell0012;1800;10/05/2023;152900
cell0012;1800;11/05/2023;132100
cell0012;1800;12/05/2023;152100
cell0012;1800;13/05/2023;93200
cell0012;1800;14/05/2023;67500
cell0012;1800;15/05/2023;62000
cell0012;1800;16/05/2023;111800
cell0012;1800;17/05/2023;104600
cell0012;1800;18/05/2023;106700
cell0012;1800;19/05/2023;116700
cell0012;1800;20/05/2023;347700
cell0012;1800;21/05/2023;267600
cell0012;1800;22/05/2023;264700
cell0012;1800;23/05/2023;136300
cell0012;1800;24/05/2023;167500
cell0012;1800;25/05/2023;98500
cell0012;1800;26/05/2023;169900
cell0012;1800;27/05/2023;223500
cell0012;1800;28/05/2023;278600
cell0012;1800;29/05/2023;400000
cell0012;1800;30/05/2023;260100
cell0012;1800;31/05/2023;211100
cell0012;1800;01/06/2023;429300
cell0012;1800;02/06/2023;194300
cell0012;1800;03/06/2023;165800
cell0012;1800;04/06/2023;167800
cell0012;1800;05/06/2023;178600
cell0012;1800;06/06/2023;197000
cell0012;1800;07/06/2023;228600
cell0012;1800;08/06/2023;249000
cell0012;1800;09/06/2023;330600
cell0012;1800;10/06/2023;180400
cell0012;1800;11/06/2023;94600
cell0012;1800;12/06/2023;161700
cell0012;1800;13/06/2023;158300
cell0012;1800;14/06/2023;147700
cell0012;1800;15/06/2023;159600
cell0012;1800;16/06/2023;133700
cell0012;1800;17/06/2023;139800
cell0012;1800;18/06/2023;137300
cell0012;1800;19/06/2023;142900
cell0012;1800;20/06/2023;115300
cell0012;1800;21/06/2023;133900
cell0012;1800;22/06/2023;133900
cell0012;1800;23/06/2023;117000
cell0012;1800;24/06/2023;165500
cell0012;1800;25/06/2023;144300
cell0012;1800;26/06/2023;143800
cell0012;1800;27/06/2023;129800
cell0012;1800;28/06/2023;150400
cell0012;1800;29/06/2023;165100
cell0012;1800;30/06/2023;137800
cell0012;1800;01/07/2023;153800
cell0012;1800;02/07/2023;160100
cell0012;1800;03/07/2023;144500
cell0012;1800;04/07/2023;139300
cell0012;1800;05/07/2023;129700
cell0012;1800;06/07/2023;131900
cell0012;1800;07/07/2023;98300
cell0012;1800;08/07/2023;132700
cell0012;1800;09/07/2023;136900
cell0012;1800;10/07/2023;139300
cell0012;1800;11/07/2023;114900
cell0012;1800;12/07/2023;134500
cell0012;1800;13/07/2023;59600
cell0012;1800;14/07/2023;89000
cell0012;1800;15/07/2023;126200
cell0012;1800;16/07/2023;116300
cell0012;1800;17/07/2023;94400
cell0012;1800;18/07/2023;145300
cell0012;1800;19/07/2023;174800
cell0012;1800;20/07/2023;147500
cell0012;1800;21/07/2023;143500
cell0012;1800;22/07/2023;262500
cell0012;1800;23/07/2023;278000
cell0012;1800;24/07/2023;265400
cell0012;1800;25/07/2023;121100
cell0012;1800;26/07/2023;261500
cell0012;1800;27/07/2023;209200
cell0012;1800;28/07/2023;180700
cell0012;1800;29/07/2023;192300
cell0012;1800;30/07/2023;234700
cell0012;1800;31/07/2023;222000
cell0012;1800;01/08/2023;391300
cell0012;1800;02/08/2023;331800
cell0012;1800;03/08/2023;161800
cell0012;1800;04/08/2023;161800
cell0012;1800;05/08/2023;150500
cell0012;1800;06/08/2023;156800
cell0012;1800;07/08/2023;125900
cell0012;1800;08/08/2023;129200
cell0012;1800;09/08/2023;126700
cell0012;1800;10/08/2023;116900
cell0012;1800;11/08/2023;125700
cell0012;1800;12/08/2023;145200
cell0012;1800;13/08/2023;158900
cell0012;1800;14/08/2023;157700
cell0012;1800;15/08/2023;154900
cell0012;1800;16/08/2023;113500
cell0012;1800;17/08/2023;125800
cell0012;1800;18/08/2023;125000
cell0012;1800;19/08/2023;125000
cell0012;1800;20/08/2023;234600
cell0012;1800;21/08/2023;186100
cell0012;1800;22/08/2023;160200
cell0012;1800;23/08/2023;169800
cell0012;1800;24/08/2023;189700
cell0012;1800;25/08/2023;128300
cell0012;1800;26/08/2023;108200
cell0012;1800;27/08/2023;94600
cell0012;1800;28/08/2023;107300
cell0012;1800;29/08/2023;147700
cell0012;1800;30/08/2023;107600
cell0012;1800;31/08/2023;142400
cell0012;1800;01/09/2023;123600
cell0012;1800;02/09/2023;95000
cell0012;1800;03/09/2023;141100
cell0012;1800;04/09/2023;156500
cell0012;1800;05/09/2023;125000
cell0012;1800;06/09/2023;140400
cell0012;1800;07/09/2023;108800
cell0012;1800;08/09/2023;115000
cell0012;1800;09/09/2023;112500
cell0012;1800;10/09/2023;157700
cell0012;1800;11/09/2023;180400
cell0012;1800;12/09/2023;160600
cell0012;1800;13/09/2023;137500
cell0012;1800;14/09/2023;135300
cell0012;1800;15/09/2023;146300
cell0012;1800;16/09/2023;187700
cell0012;1800;17/09/2023;127000
cell0012;1800;18/09/2023;139900
cell0012;1800;19/09/2023;142300
cell0012;1800;20/09/2023;444100
cell0012;1800;21/09/2023;210100
cell0012;1800;22/09/2023;328200
cell0012;1800;23/09/2023;268500
cell0012;1800;24/09/2023;148200
cell0012;1800;25/09/2023;294100
cell0012;1800;26/09/2023;169400
cell0012;1800;27/09/2023;241500
cell0012;1800;28/09/2023;281600
cell0012;1800;29/09/2023;477600
cell0012;1800;30/09/2023;168900
cell0012;1800;01/10/2023;181000
cell0012;1800;02/10/2023;195100
cell0012;1800;03/10/2023;268300
cell0012;1800;04/10/2023;218800
cell0012;1800;05/10/2023;184000
cell0012;1800;06/10/2023;167600
cell0012;1800;07/10/2023;185500
cell0012;1800;08/10/2023;176600
cell0012;1800;09/10/2023;138100
cell0012;1800;10/10/2023;119100
cell0012;1800;11/10/2023;154200
cell0012;1800;12/10/2023;120700
cell0012;1800;13/10/2023;144700
cell0012;1800;14/10/2023;116900
cell0012;1800;15/10/2023;154200
cell0012;1800;16/10/2023;141800
cell0012;1800;17/10/2023;89600
cell0012;1800;18/10/2023;109100
cell0012;1800;19/10/2023;123400
cell0012;1800;20/10/2023;143000
cell0012;1800;21/10/2023;118000
cell0012;1800;22/10/2023;153300
cell0012;1800;23/10/2023;135000
cell0012;1800;24/10/2023;142200
cell0012;1800;25/10/2023;95600
cell0012;1800;26/10/2023;112300
cell0012;1800;27/10/2023;204900
cell0012;1800;28/10/2023;150400
cell0012;1800;29/10/2023;172800
cell0012;1800;30/10/2023;129500
cell0012;1800;31/10/2023;154900
cell0012;1800;01/11/2023;145500
cell0012;1800;02/11/2023;156900
cell0012;1800;03/11/2023;155900
cell0012;1800;04/11/2023;135500
cell0012;1800;05/11/2023;128400
cell0012;1800;06/11/2023;67500
cell0012;1800;07/11/2023;96200
cell0012;1800;08/11/2023;131400
cell0012;1800;09/11/2023;93600
cell0012;1800;10/11/2023;142600
cell0012;1800;11/11/2023;79800
cell0012;1800;12/11/2023;500001
cell0012;1800;13/11/2023;115700
cell0012;1800;14/11/2023;122800
cell0012;1800;15/11/2023;148200
cell0012;1800;16/11/2023;272200
cell0012;1800;17/11/2023;156800
cell0012;1800;18/11/2023;154200
cell0012;1800;19/11/2023;160900
cell0012;1800;20/11/2023;113700
cell0012;1800;21/11/2023;145500
cell0012;1800;22/11/2023;114300
cell0012;1800;23/11/2023;116700
cell0012;1800;24/11/2023;115100
cell0012;1800;25/11/2023;127700
cell0012;1800;26/11/2023;178300
cell0012;1800;27/11/2023;249100
cell0012;1800;28/11/2023;264100
cell0012;1800;29/11/2023;137200
cell0012;1800;30/11/2023;229300
cell0012;1800;01/12/2023;137900
cell0012;1800;02/12/2023;160600
cell0012;1800;03/12/2023;238700
cell0012;1800;04/12/2023;246500
cell0012;1800;05/12/2023;308300
cell0012;1800;06/12/2023;327900
cell0012;1800;07/12/2023;248400
cell0012;1800;08/12/2023;260600
cell0012;1800;09/12/2023;271700
cell0012;1800;10/12/2023;184500
cell0012;1800;11/12/2023;222800
cell0012;1800;12/12/2023;219200
cell0012;1800;13/12/2023;184100
cell0012;1800;14/12/2023;155400
cell0012;1800;15/12/2023;140300
cell0012;1800;16/12/2023;125000
cell0012;1800;17/12/2023;118300
cell0012;1800;18/12/2023;128100
cell0012;1800;19/12/2023;95300
cell0012;1800;20/12/2023;126500
cell0012;1800;21/12/2023;124700
cell0012;1800;22/12/2023;122000
cell0012;1800;23/12/2023;122500
cell0012;1800;24/12/2023;111300
cell0012;1800;25/12/2023;86200
cell0012;1800;26/12/2023;98900
cell0012;1800;27/12/2023;97000
cell0012;1800;28/12/2023;111400
cell0012;1800;29/12/2023;117000
cell0012;1800;30/12/2023;112400
cell0012;1800;31/12/2023;122600
cell0012;1800;01/01/2024;118200
cell0012;1800;02/01/2024;103400
cell0012;1800;03/01/2024;123800
cell0012;1800;04/01/2024;147000
cell0012;1800;05/01/2024;150000
cell0012;1800;06/01/2024;141700
cell0012;1800;07/01/2024;139800
cell0012;1800;08/01/2024;159400
cell0012;1800;09/01/2024;146300
cell0012;1800;10/01/2024;150400
cell0012;1800;11/01/2024;158600
cell0012;1800;12/01/2024;151900
cell0012;1800;13/01/2024;149100
cell0012;1800;14/01/2024;121900
cell0012;1800;15/01/2024;153000
cell0012;1800;16/01/2024;134400
cell0012;1800;17/01/2024;131000
cell0012;1800;18/01/2024;88300
cell0012;1800;19/01/2024;87500
cell0012;1800;20/01/2024;103000
cell0012;1800;21/01/2024;90500
cell0012;1800;22/01/2024;137500
cell0012;1800;23/01/2024;129900
cell0012;1800;24/01/2024;122500
cell0012;1800;25/01/2024;171600
cell0012;1800;26/01/2024;177000
cell0012;1800;27/01/2024;216800
cell0012;1800;28/01/2024;201400
cell0012;1800;29/01/2024;268800
cell0012;1800;30/01/2024;255700
cell0012;1800;31/01/2024;282200
cell0012;1800;01/02/2024;255100
cell0012;1800;02/02/2024;264000
cell0012;1800;03/02/2024;288200
cell0012;1800;04/02/2024;174100
cell0012;1800;05/02/2024;131300
cell0012;1800;06/02/2024;170000
cell0012;1800;07/02/2024;171200
cell0012;1800;08/02/2024;169700
cell0012;1800;09/02/2024;165300
cell0012;1800;10/02/2024;216500
cell0012;1800;11/02/2024;291500
cell0012;1800;12/02/2024;203100
cell0012;1800;13/02/2024;223000
cell0012;1800;14/02/2024;159100
cell0012;1800;15/02/2024;122500
cell0012;1800;16/02/2024;118800
cell0012;1800;17/02/2024;84400
cell0012;1800;18/02/2024;105000
cell0012;1800;19/02/2024;95000
cell0012;1800;20/02/2024;95500
cell0012;1800;21/02/2024;93200
cell0012;1800;22/02/2024;124100
cell0012;1800;23/02/2024;102500
cell0012;1800;24/02/2024;111800
cell0012;1800;25/02/2024;96800
cell0012;1800;26/02/2024;106300
cell0012;1800;27/02/2024;94200
cell0012;1800;28/02/2024;108300
cell0012;1800;29/02/2024;108000
cell0012;1800;01/03/2024;120600
cell0012;1800;02/03/2024;100000
cell0012;1800;03/03/2024;104900
cell0012;1800;04/03/2024;117000
cell0012;1800;05/03/2024;108900
cell0012;1800;06/03/2024;136300
cell0012;1800;07/03/2024;127100
cell0012;1800;08/03/2024;150000
cell0012;1800;09/03/2024;145800
cell0012;1800;10/03/2024;145900
cell0012;1800;11/03/2024;142700
cell0012;1800;12/03/2024;147500
cell0012;1800;13/03/2024;57500
cell0012;1800;14/03/2024;150000
cell0012;1800;15/03/2024;67500
cell0012;1800;16/03/2024;129700
cell0012;1800;17/03/2024;129700
cell0012;1800;18/03/2024;118800
cell0012;1800;19/03/2024;113000
cell0012;1800;20/03/2024;135300
cell0012;1800;21/03/2024;139500
cell0012;1800;22/03/2024;138900
cell0012;1800;23/03/2024;160700
cell0012;1800;24/03/2024;144400
cell0012;1800;25/03/2024;112800
cell0012;1800;26/03/2024;108400
cell0012;1800;27/03/2024;96000
cell0012;1800;28/03/2024;307600
cell0012;1800;29/03/2024;168800
cell0012;1800;30/03/2024;183800
cell0012;1800;31/03/2024;161100
cell0012;1800;01/04/2024;159500
cell0012;1800;02/04/2024;275000
cell0012;1800;03/04/2024;261100
cell0012;1800;04/04/2024;85800
cell0012;1800;05/04/2024;167600
cell0012;1800;06/04/2024;184300
cell0012;1800;07/04/2024;179500
cell0012;1800;08/04/2024;281600
cell0012;1800;09/04/2024;270800
cell0012;1800;10/04/2024;151800
cell0012;1800;11/04/2024;139600
cell0012;1800;12/04/2024;85200
cell0012;1800;13/04/2024;94800
cell0012;1800;14/04/2024;99200
cell0012;1800;15/04/2024;103400
cell0012;1800;16/04/2024;92400
cell0012;1800;17/04/2024;89800
cell0012;1800;18/04/2024;94100
cell0012;1800;19/04/2024;93400
cell0012;1800;20/04/2024;102900
cell0012;1800;21/04/2024;137200
cell0012;1800;22/04/2024;92600
cell0012;1800;23/04/2024;87900
cell0012;1800;24/04/2024;86300
cell0012;1800;25/04/2024;95600
cell0012;1800;26/04/2024;87200
cell0012;1800;27/04/2024;98000
cell0012;1800;28/04/2024;103600
cell0012;1800;29/04/2024;83100
cell0012;1800;30/04/2024;93600
cell0012;1800;01/05/2024;90300
cell0012;1800;02/05/2024;97800
cell0012;1800;03/05/2024;88900
cell0012;1800;04/05/2024;109100
cell0012;1800;05/05/2024;110600
cell0012;1800;06/05/2024;92900
cell0012;1800;07/05/2024;106300
cell0012;1800;08/05/2024;134700
cell0012;1800;09/05/2024;87500
cell0012;1800;10/05/2024;136800
cell0012;1800;11/05/2024;127600
cell0012;1800;12/05/2024;120800
cell0012;1800;13/05/2024;132800
cell0012;1800;14/05/2024;144900
cell0012;1800;15/05/2024;133700
cell0012;1800;16/05/2024;146800
cell0012;1800;17/05/2024;111200
cell0012;1800;18/05/2024;149000
cell0012;1800;19/05/2024;139600
cell0012;1800;20/05/2024;161200
cell0012;1800;21/05/2024;96100
cell0012;1800;22/05/2024;71300
cell0012;1800;23/05/2024;298100
cell0012;1800;24/05/2024;222400
cell0012;1800;25/05/2024;191100
cell0012;1800;26/05/2024;190500
cell0012;1800;27/05/2024;200000
cell0012;1800;28/05/2024;132400
cell0012;1800;29/05/2024;263600
cell0012;1800;30/05/2024;231800
cell0012;1800;31/05/2024;310600
cell0012;1800;01/06/2024;161500
cell0012;1800;02/06/2024;243000
cell0012;1800;03/06/2024;166500
cell0012;1800;04/06/2024;175000
cell0012;1800;05/06/2024;67500
cell0012;1800;06/06/2024;67500
cell0012;1800;07/06/2024;96900
cell0012;1800;08/06/2024;129300
cell0012;1800;09/06/2024;73500
cell0012;1800;10/06/2024;133200
cell0012;1800;11/06/2024;300000
cell0012;1800;12/06/2024;331400
cell0012;1800;13/06/2024;167000
cell0012;1800;14/06/2024;190300
cell0012;1800;15/06/2024;114200
cell0012;1800;16/06/2024;122700
cell0012;1800;17/06/2024;126300
cell0012;1800;18/06/2024;114400
cell0012;1800;19/06/2024;90600
cell0012;1800;20/06/2024;102100
cell0012;1800;21/06/2024;100000
cell0012;1800;22/06/2024;101100
cell0012;1800;23/06/2024;100000
cell0012;1800;24/06/2024;123100
cell0012;1800;25/06/2024;90300
cell0012;1800;26/06/2024;98700
cell0012;1800;27/06/2024;97300
cell0012;1800;28/06/2024;126700
cell0012;1800;29/06/2024;88600
cell0012;1800;30/06/2024;85900
cell0012;1800;01/07/2024;425000
cell0012;1800;02/07/2024;105600
cell0012;1800;03/07/2024;172600
cell0012;1800;04/07/2024;128900
cell0012;1800;05/07/2024;141800
cell0012;1800;06/07/2024;183800
cell0012;1800;07/07/2024;178700
cell0012;1800;08/07/2024;270800
cell0012;1800;09/07/2024;185300
cell0012;1800;10/07/2024;141500
cell0012;1800;11/07/2024;232200
cell0012;1800;12/07/2024;83300
cell0012;1800;13/07/2024;275000
cell0012;1800;14/07/2024;500001
cell0012;1800;15/07/2024;79300
cell0012;1800;16/07/2024;214800
cell0012;1800;17/07/2024;237500
cell0012;1800;18/07/2024;212500
cell0012;1800;19/07/2024;105700
cell0012;1800;20/07/2024;123800
cell0012;1800;21/07/2024;173900
cell0012;1800;22/07/2024;160900
cell0012;1800;23/07/2024;47500
cell0012;1800;24/07/2024;156500
cell0012;1800;25/07/2024;187500
cell0012;1800;26/07/2024;191800
cell0012;1800;27/07/2024;175800
cell0012;1800;28/07/2024;91900
cell0012;1800;29/07/2024;196900
cell0015;1800;01/01/2023;83300
cell0015;1800;02/01/2023;79400
cell0015;1800;03/01/2023;86400
cell0015;1800;04/01/2023;86500
cell0015;1800;05/01/2023;86300
cell0015;1800;06/01/2023;93400
cell0015;1800;07/01/2023;91800
cell0015;1800;08/01/2023;125000
cell0015;1800;09/01/2023;83300
cell0015;1800;10/01/2023;47500
cell0015;1800;11/01/2023;92500
cell0015;1800;12/01/2023;93000
cell0015;1800;13/01/2023;67500
cell0015;1800;14/01/2023;131500
cell0015;1800;15/01/2023;153100
cell0015;1800;16/01/2023;143200
cell0015;1800;17/01/2023;135600
cell0015;1800;18/01/2023;125000
cell0015;1800;19/01/2023;110400
cell0015;1800;20/01/2023;120800
cell0015;1800;21/01/2023;146600
cell0015;1800;22/01/2023;212300
cell0015;1800;23/01/2023;232800
cell0015;1800;24/01/2023;182800
cell0015;1800;25/01/2023;163600
cell0015;1800;26/01/2023;172600
cell0015;1800;27/01/2023;186600
cell0015;1800;28/01/2023;156300
cell0015;1800;29/01/2023;238300
cell0015;1800;30/01/2023;218100
cell0015;1800;31/01/2023;263700
cell0015;1800;01/02/2023;218900
cell0015;1800;02/02/2023;114600
cell0015;1800;03/02/2023;92500
cell0015;1800;04/02/2023;138200
cell0015;1800;05/02/2023;166300
cell0015;1800;06/02/2023;174200
cell0015;1800;07/02/2023;124200
cell0015;1800;08/02/2023;175000
cell0015;1800;09/02/2023;192200
cell0015;1800;10/02/2023;139000
cell0015;1800;11/02/2023;128100
cell0015;1800;12/02/2023;147500
cell0015;1800;13/02/2023;118800
cell0015;1800;14/02/2023;116100
cell0015;1800;15/02/2023;150000
cell0015;1800;16/02/2023;118300
cell0015;1800;17/02/2023;114600
cell0015;1800;18/02/2023;119200
cell0015;1800;19/02/2023;106700
cell0015;1800;20/02/2023;101800
cell0015;1800;21/02/2023;163400
cell0015;1800;22/02/2023;155200
cell0015;1800;23/02/2023;168800
cell0015;1800;24/02/2023;159100
cell0015;1800;25/02/2023;78500
cell0015;1800;26/02/2023;111300
cell0015;1800;27/02/2023;65700
cell0015;1800;28/02/2023;78100
cell0015;1800;01/03/2023;84100
cell0015;1800;02/03/2023;90500
cell0015;1800;03/03/2023;93800
cell0015;1800;04/03/2023;88500
cell0015;1800;05/03/2023;136700
cell0015;1800;06/03/2023;131600
cell0015;1800;07/03/2023;174100
cell0015;1800;08/03/2023;257700
cell0015;1800;09/03/2023;57100
cell0015;1800;10/03/2023;104100
cell0015;1800;11/03/2023;144100
cell0015;1800;12/03/2023;150000
cell0015;1800;13/03/2023;163200
cell0015;1800;14/03/2023;244400
cell0015;1800;15/03/2023;193200
cell0015;1800;16/03/2023;171400
cell0015;1800;17/03/2023;170700
cell0015;1800;18/03/2023;153900
cell0015;1800;19/03/2023;80000
cell0015;1800;20/03/2023;249500
cell0015;1800;21/03/2023;240200
cell0015;1800;22/03/2023;180400
cell0015;1800;23/03/2023;195500
cell0015;1800;24/03/2023;163400
cell0015;1800;25/03/2023;169600
cell0015;1800;26/03/2023;191100
cell0015;1800;27/03/2023;192300
cell0015;1800;28/03/2023;151200
cell0015;1800;29/03/2023;196300
cell0015;1800;30/03/2023;175200
cell0015;1800;31/03/2023;166500
cell0015;1800;01/04/2023;177400
cell0015;1800;02/04/2023;174900
cell0015;1800;03/04/2023;175300
cell0015;1800;04/04/2023;108300
cell0015;1800;05/04/2023;174100
cell0015;1800;06/04/2023;171700
cell0015;1800;07/04/2023;140000
cell0015;1800;08/04/2023;162500
cell0015;1800;09/04/2023;142900
cell0015;1800;10/04/2023;127100
cell0015;1800;11/04/2023;168800
cell0015;1800;12/04/2023;174100
cell0015;1800;13/04/2023;130600
cell0015;1800;14/04/2023;150000
cell0015;1800;15/04/2023;112500
cell0015;1800;16/04/2023;135000
cell0015;1800;17/04/2023;157600
cell0015;1800;18/04/2023;185300
cell0015;1800;19/04/2023;203200
cell0015;1800;20/04/2023;170100
cell0015;1800;21/04/2023;213100
cell0015;1800;22/04/2023;221100
cell0015;1800;23/04/2023;240900
cell0015;1800;24/04/2023;145000
cell0015;1800;25/04/2023;137500
cell0015;1800;26/04/2023;199100
cell0015;1800;27/04/2023;140600
cell0015;1800;28/04/2023;120300
cell0015;1800;29/04/2023;117900
cell0015;1800;30/04/2023;126600
cell0015;1800;01/05/2023;83300
cell0015;1800;02/05/2023;87500
cell0015;1800;03/05/2023;82700
cell0015;1800;04/05/2023;81500
cell0015;1800;05/05/2023;81300
cell0015;1800;06/05/2023;75600
cell0015;1800;07/05/2023;78900
cell0015;1800;08/05/2023;80200
cell0015;1800;09/05/2023;70200
cell0015;1800;10/05/2023;478500
cell0015;1800;11/05/2023;159400
cell0015;1800;12/05/2023;195300
cell0015;1800;13/05/2023;100000
cell0015;1800;14/05/2023;162000
cell0015;1800;15/05/2023;204100
cell0015;1800;16/05/2023;269600
cell0015;1800;17/05/2023;223200
cell0015;1800;18/05/2023;208300
cell0015;1800;19/05/2023;281300
cell0015;1800;20/05/2023;199800
cell0015;1800;21/05/2023;202700
cell0015;1800;22/05/2023;168400
cell0015;1800;23/05/2023;174600
cell0015;1800;24/05/2023;264000
cell0015;1800;25/05/2023;199600
cell0015;1800;26/05/2023;241500
cell0015;1800;27/05/2023;171100
cell0015;1800;28/05/2023;171200
cell0015;1800;29/05/2023;166700
cell0015;1800;30/05/2023;106300
cell0015;1800;31/05/2023;132500
cell0015;1800;01/06/2023;184700
cell0015;1800;02/06/2023;160300
cell0015;1800;03/06/2023;177500
cell0015;1800;04/06/2023;179100
cell0015;1800;05/06/2023;156900
cell0015;1800;06/06/2023;169600
cell0015;1800;07/06/2023;188600
cell0015;1800;08/06/2023;183000
cell0015;1800;09/06/2023;160000
cell0015;1800;10/06/2023;145500
cell0015;1800;11/06/2023;164100
cell0015;1800;12/06/2023;142300
cell0015;1800;13/06/2023;129200
cell0015;1800;14/06/2023;159400
cell0015;1800;15/06/2023;118100
cell0015;1800;16/06/2023;131300
cell0015;1800;17/06/2023;172700
cell0015;1800;18/06/2023;178100
cell0015;1800;19/06/2023;137500
cell0015;1800;20/06/2023;168800
cell0015;1800;21/06/2023;139100
cell0015;1800;22/06/2023;160400
cell0015;1800;23/06/2023;100000
cell0015;1800;24/06/2023;87500
cell0015;1800;25/06/2023;106300
cell0015;1800;26/06/2023;72000
cell0015;1800;27/06/2023;82900
cell0015;1800;28/06/2023;139400
cell0015;1800;29/06/2023;86500
cell0015;1800;30/06/2023;89400
cell0015;1800;01/07/2023;87000
cell0015;1800;02/07/2023;92500
cell0015;1800;03/07/2023;82700
cell0015;1800;04/07/2023;77300
cell0015;1800;05/07/2023;66800
cell0015;1800;06/07/2023;64800
cell0015;1800;07/07/2023;171900
cell0015;1800;08/07/2023;129800
cell0015;1800;09/07/2023;127400
cell0015;1800;10/07/2023;162300
cell0015;1800;11/07/2023;237200
cell0015;1800;12/07/2023;217100
cell0015;1800;13/07/2023;111500
cell0015;1800;14/07/2023;174200
cell0015;1800;15/07/2023;294600
cell0015;1800;16/07/2023;158500
cell0015;1800;17/07/2023;158900
cell0015;1800;18/07/2023;450400
cell0015;1800;19/07/2023;168300
cell0015;1800;20/07/2023;168300
cell0015;1800;21/07/2023;169300
cell0015;1800;22/07/2023;183200
cell0015;1800;23/07/2023;166700
cell0015;1800;24/07/2023;146300
cell0015;1800;25/07/2023;205100
cell0015;1800;26/07/2023;92200
cell0015;1800;27/07/2023;302200
cell0015;1800;28/07/2023;179800
cell0015;1800;29/07/2023;175000
cell0015;1800;30/07/2023;214800
cell0015;1800;31/07/2023;204200
cell0015;1800;01/08/2023;171400
cell0015;1800;02/08/2023;263600
cell0015;1800;03/08/2023;137500
cell0015;1800;04/08/2023;250000
cell0015;1800;05/08/2023;87500
cell0015;1800;06/08/2023;137500
cell0015;1800;07/08/2023;86300
cell0015;1800;08/08/2023;162500
cell0015;1800;09/08/2023;73800
cell0015;1800;10/08/2023;135200
cell0015;1800;11/08/2023;135800
cell0015;1800;12/08/2023;94300
cell0015;1800;13/08/2023;149900
cell0015;1800;14/08/2023;215300
cell0015;1800;15/08/2023;187300
cell0015;1800;16/08/2023;147500
cell0015;1800;17/08/2023;404500
cell0015;1800;18/08/2023;214600
cell0015;1800;19/08/2023;189100
cell0015;1800;20/08/2023;188000
cell0015;1800;21/08/2023;176300
cell0015;1800;22/08/2023;159000
cell0015;1800;23/08/2023;159700
cell0015;1800;24/08/2023;187500
cell0015;1800;25/08/2023;177800
cell0015;1800;26/08/2023;154300
cell0015;1800;27/08/2023;178600
cell0015;1800;28/08/2023;137500
cell0015;1800;29/08/2023;200000
cell0015;1800;30/08/2023;245500
cell0015;1800;31/08/2023;199100
cell0015;1800;01/09/2023;225000
cell0015;1800;02/09/2023;418800
cell0015;1800;03/09/2023;466700
cell0015;1800;04/09/2023;261500
cell0015;1800;05/09/2023;243800
cell0015;1800;06/09/2023;112500
cell0015;1800;07/09/2023;200000
cell0015;1800;08/09/2023;225000
cell0015;1800;09/09/2023;162500
cell0015;1800;10/09/2023;325000
cell0015;1800;11/09/2023;147800
cell0015;1800;12/09/2023;90800
cell0015;1800;13/09/2023;94100
cell0015;1800;14/09/2023;165500
cell0015;1800;15/09/2023;173900
cell0015;1800;16/09/2023;164400
cell0015;1800;17/09/2023;138100
cell0015;1800;18/09/2023;108000
cell0015;1800;19/09/2023;149300
cell0015;1800;20/09/2023;121500
cell0015;1800;21/09/2023;230600
cell0015;1800;22/09/2023;187500
cell0015;1800;23/09/2023;177300
cell0015;1800;24/09/2023;189900
cell0015;1800;25/09/2023;214300
cell0015;1800;26/09/2023;212500
cell0015;1800;27/09/2023;198100
cell0015;1800;28/09/2023;187500
cell0015;1800;29/09/2023;178700
cell0015;1800;30/09/2023;184100
cell0015;1800;01/10/2023;157600
cell0015;1800;02/10/2023;123600
cell0015;1800;03/10/2023;133300
cell0015;1800;04/10/2023;145200
cell0015;1800;05/10/2023;164100
cell0015;1800;06/10/2023;164800
cell0015;1800;07/10/2023;166800
cell0015;1800;08/10/2023;289600
cell0015;1800;09/10/2023;249000
cell0015;1800;10/10/2023;240000
cell0015;1800;11/10/2023;361500
cell0015;1800;12/10/2023;289400
cell0015;1800;13/10/2023;112500
cell0015;1800;14/10/2023;116700
cell0015;1800;15/10/2023;215000
cell0015;1800;16/10/2023;262500
cell0015;1800;17/10/2023;205000
cell0015;1800;18/10/2023;187500
cell0015;1800;19/10/2023;409700
cell0015;1800;20/10/2023;422200
cell0015;1800;21/10/2023;500001
cell0015;1800;22/10/2023;334600
cell0015;1800;23/10/2023;187500
cell0015;1800;24/10/2023;67500
cell0015;1800;25/10/2023;98500
cell0015;1800;26/10/2023;71300
cell0015;1800;27/10/2023;90300
cell0015;1800;28/10/2023;112500
cell0015;1800;29/10/2023;75300
cell0015;1800;30/10/2023;97400
cell0015;1800;31/10/2023;81900
cell0015;1800;01/11/2023;85100
cell0015;1800;02/11/2023;137000
cell0015;1800;03/11/2023;122300
cell0015;1800;04/11/2023;152800
cell0015;1800;05/11/2023;169300
cell0015;1800;06/11/2023;500001
cell0015;1800;07/11/2023;159900
cell0015;1800;08/11/2023;117500
cell0015;1800;09/11/2023;279900
cell0015;1800;10/11/2023;260900
cell0015;1800;11/11/2023;175900
cell0015;1800;12/11/2023;165100
cell0015;1800;13/11/2023;162000
cell0015;1800;14/11/2023;182800
cell0015;1800;15/11/2023;162300
cell0015;1800;16/11/2023;204000
cell0015;1800;17/11/2023;179500
cell0015;1800;18/11/2023;198500
cell0015;1800;19/11/2023;217100
cell0015;1800;20/11/2023;140400
cell0015;1800;21/11/2023;210000
cell0015;1800;22/11/2023;200600
cell0015;1800;23/11/2023;87500
cell0015;1800;24/11/2023;158900
cell0015;1800;25/11/2023;67500
cell0015;1800;26/11/2023;408500
cell0015;1800;27/11/2023;459600
cell0015;1800;28/11/2023;284700
cell0015;1800;29/11/2023;274000
cell0015;1800;30/11/2023;500001
cell0015;1800;01/12/2023;432400
cell0015;1800;02/12/2023;452800
cell0015;1800;03/12/2023;320800
cell0015;1800;04/12/2023;255200
cell0015;1800;05/12/2023;97700
cell0015;1800;06/12/2023;126500
cell0015;1800;07/12/2023;84700
cell0015;1800;08/12/2023;72500
cell0015;1800;09/12/2023;72800
cell0015;1800;10/12/2023;102700
cell0015;1800;11/12/2023;117600
cell0015;1800;12/12/2023;134600
cell0015;1800;13/12/2023;117800
cell0015;1800;14/12/2023;152400
cell0015;1800;15/12/2023;381800
cell0015;1800;16/12/2023;143000
cell0015;1800;17/12/2023;83500
cell0015;1800;18/12/2023;136400
cell0015;1800;19/12/2023;187500
cell0015;1800;20/12/2023;296100
cell0015;1800;21/12/2023;314400
cell0015;1800;22/12/2023;209700
cell0015;1800;23/12/2023;267400
cell0015;1800;24/12/2023;272400
cell0015;1800;25/12/2023;417500
cell0015;1800;26/12/2023;172000
cell0015;1800;27/12/2023;197100
cell0015;1800;28/12/2023;169800
cell0015;1800;29/12/2023;192900
cell0015;1800;30/12/2023;204000
cell0015;1800;31/12/2023;208200
cell0015;1800;01/01/2024;207000
cell0015;1800;02/01/2024;166300
cell0015;1800;03/01/2024;235100
cell0015;1800;04/01/2024;238400
cell0015;1800;05/01/2024;140600
cell0015;1800;06/01/2024;500001
cell0015;1800;07/01/2024;162500
cell0015;1800;08/01/2024;500001
cell0015;1800;09/01/2024;411600
cell0015;1800;10/01/2024;258300
cell0015;1800;11/01/2024;482700
cell0015;1800;12/01/2024;118500
cell0015;1800;13/01/2024;92200
cell0015;1800;14/01/2024;101900
cell0015;1800;15/01/2024;92500
cell0015;1800;16/01/2024;230900
cell0015;1800;17/01/2024;137200
cell0015;1800;18/01/2024;173200
cell0015;1800;19/01/2024;144800
cell0015;1800;20/01/2024;160000
cell0015;1800;21/01/2024;126700
cell0015;1800;22/01/2024;113900
cell0015;1800;23/01/2024;173400
cell0015;1800;24/01/2024;153200
cell0015;1800;25/01/2024;161300
cell0015;1800;26/01/2024;110100
cell0015;1800;27/01/2024;98600
cell0015;1800;28/01/2024;83300
cell0015;1800;29/01/2024;92400
cell0015;1800;30/01/2024;291500
cell0015;1800;31/01/2024;307300
cell0015;1800;01/02/2024;286400
cell0015;1800;02/02/2024;199000
cell0015;1800;03/02/2024;139200
cell0015;1800;04/02/2024;411300
cell0015;1800;05/02/2024;267000
cell0015;1800;06/02/2024;181400
cell0015;1800;07/02/2024;161400
cell0015;1800;08/02/2024;171600
cell0015;1800;09/02/2024;200000
cell0015;1800;10/02/2024;192200
cell0015;1800;11/02/2024;300000
cell0015;1800;12/02/2024;241600
cell0015;1800;13/02/2024;196900
cell0015;1800;14/02/2024;148400
cell0015;1800;15/02/2024;167600
cell0015;1800;16/02/2024;140700
cell0015;1800;17/02/2024;92900
cell0015;1800;18/02/2024;90900
cell0015;1800;19/02/2024;89400
cell0015;1800;20/02/2024;90900
cell0015;1800;21/02/2024;143100
cell0015;1800;22/02/2024;137500
cell0015;1800;23/02/2024;224700
cell0015;1800;24/02/2024;197700
cell0015;1800;25/02/2024;155500
cell0015;1800;26/02/2024;152600
cell0015;1800;27/02/2024;122100
cell0015;1800;28/02/2024;97900
cell0015;1800;29/02/2024;150900
cell0015;1800;01/03/2024;325700
cell0015;1800;02/03/2024;253700
cell0015;1800;03/03/2024;163800
cell0015;1800;04/03/2024;196000
cell0015;1800;05/03/2024;163300
cell0015;1800;06/03/2024;168000
cell0015;1800;07/03/2024;132800
cell0015;1800;08/03/2024;258900
cell0015;1800;09/03/2024;500001
cell0015;1800;10/03/2024;500001
cell0015;1800;11/03/2024;467600
cell0015;1800;12/03/2024;156100
cell0015;1800;13/03/2024;254400
cell0015;1800;14/03/2024;260700
cell0015;1800;15/03/2024;326000
cell0015;1800;16/03/2024;148600
cell0015;1800;17/03/2024;277500
cell0015;1800;18/03/2024;182100
cell0015;1800;19/03/2024;166000
cell0015;1800;20/03/2024;162500
cell0015;1800;21/03/2024;199600
cell0015;1800;22/03/2024;184800
cell0015;1800;23/03/2024;283800
cell0015;1800;24/03/2024;302100
cell0015;1800;25/03/2024;289600
cell0015;1800;26/03/2024;262100
cell0015;1800;27/03/2024;300000
cell0015;1800;28/03/2024;334500
cell0015;1800;29/03/2024;119200
cell0015;1800;30/03/2024;109900
cell0015;1800;31/03/2024;98500
cell0015;1800;01/04/2024;110200
cell0015;1800;02/04/2024;82500
cell0015;1800;03/04/2024;77200
cell0015;1800;04/04/2024;80400
cell0015;1800;05/04/2024;129200
cell0015;1800;06/04/2024;117000
cell0015;1800;07/04/2024;130900
cell0015;1800;08/04/2024;121500
cell0015;1800;09/04/2024;500001
cell0015;1800;10/04/2024;113700
cell0015;1800;11/04/2024;126500
cell0015;1800;12/04/2024;109200
cell0015;1800;13/04/2024;117200
cell0015;1800;14/04/2024;493300
cell0015;1800;15/04/2024;263300
cell0015;1800;16/04/2024;190800
cell0015;1800;17/04/2024;162500
cell0015;1800;18/04/2024;198800
cell0015;1800;19/04/2024;205500
cell0015;1800;20/04/2024;216900
cell0015;1800;21/04/2024;183900
cell0015;1800;22/04/2024;135700
cell0015;1800;23/04/2024;210400
cell0015;1800;24/04/2024;176600
cell0015;1800;25/04/2024;171000
cell0015;1800;26/04/2024;274400
cell0015;1800;27/04/2024;363600
cell0015;1800;28/04/2024;176900
cell0015;1800;29/04/2024;190200
cell0015;1800;30/04/2024;200400
cell0015;1800;01/05/2024;237300
cell0015;1800;02/05/2024;183900
cell0015;1800;03/05/2024;303100
cell0015;1800;04/05/2024;362500
cell0015;1800;05/05/2024;362500
cell0015;1800;06/05/2024;183300
cell0015;1800;07/05/2024;291000
cell0015;1800;08/05/2024;125000
cell0015;1800;09/05/2024;162000
cell0015;1800;10/05/2024;225000
cell0015;1800;11/05/2024;345700
cell0015;1800;12/05/2024;345200
cell0015;1800;13/05/2024;287500
cell0015;1800;14/05/2024;167800
cell0015;1800;15/05/2024;170600
cell0015;1800;16/05/2024;137200
cell0015;1800;17/05/2024;129400
cell0015;1800;18/05/2024;68700
cell0015;1800;19/05/2024;81600
cell0015;1800;20/05/2024;73500
cell0015;1800;21/05/2024;78300
cell0015;1800;22/05/2024;81300
cell0015;1800;23/05/2024;163300
cell0015;1800;24/05/2024;114200
cell0015;1800;25/05/2024;142000
cell0015;1800;26/05/2024;136600
cell0015;1800;27/05/2024;100000
cell0015;1800;28/05/2024;89300
cell0015;1800;29/05/2024;81500
cell0015;1800;30/05/2024;83000
cell0015;1800;31/05/2024;125900
cell0015;1800;01/06/2024;183000
cell0015;1800;02/06/2024;173200
cell0015;1800;03/06/2024;240100
cell0015;1800;04/06/2024;172000
cell0015;1800;05/06/2024;97000
cell0015;1800;06/06/2024;148800
cell0015;1800;07/06/2024;164600
cell0015;1800;08/06/2024;213800
cell0015;1800;09/06/2024;166000
cell0015;1800;10/06/2024;192500
cell0015;1800;11/06/2024;214500
cell0015;1800;12/06/2024;279600
cell0015;1800;13/06/2024;500001
cell0015;1800;14/06/2024;500001
cell0015;1800;15/06/2024;188300
cell0015;1800;16/06/2024;209800
cell0015;1800;17/06/2024;180100
cell0015;1800;18/06/2024;316700
cell0015;1800;19/06/2024;422200
cell0015;1800;20/06/2024;406300
cell0015;1800;21/06/2024;241700
cell0015;1800;22/06/2024;244400
cell0015;1800;23/06/2024;190600
cell0015;1800;24/06/2024;229400
cell0015;1800;25/06/2024;266700
cell0015;1800;26/06/2024;137500
cell0015;1800;27/06/2024;165000
cell0015;1800;28/06/2024;159800
cell0015;1800;29/06/2024;263800
cell0015;1800;30/06/2024;238200
cell0015;1800;04/07/2024;292200
cell0015;1800;05/07/2024;194300
cell0015;1800;06/07/2024;289400
cell0015;1800;07/07/2024;229100
cell0015;1800;08/07/2024;265500
cell0015;1800;09/07/2024;77800
cell0015;1800;10/07/2024;289600
cell0015;1800;11/07/2024;291400
cell0015;1800;12/07/2024;129300
cell0015;1800;13/07/2024;233500
cell0015;1800;14/07/2024;120700
cell0015;1800;15/07/2024;174300
cell0015;1800;16/07/2024;299500
cell0015;1800;17/07/2024;125000
cell0015;1800;18/07/2024;212500
cell0015;1800;19/07/2024;316900
cell0015;1800;20/07/2024;157300
cell0015;1800;21/07/2024;160700
cell0015;1800;22/07/2024;183100
cell0015;1800;23/07/2024;238100
cell0015;1800;24/07/2024;325900
cell0015;1800;25/07/2024;439200
cell0015;1800;26/07/2024;137500
cell0015;1800;27/07/2024;212500
cell0015;1800;28/07/2024;176000
cell0015;1800;29/07/2024;126300
cell0020;1800;01/01/2023;240200
cell0020;1800;02/01/2023;500001
cell0020;1800;03/01/2023;186100
cell0020;1800;04/01/2023;140200
cell0020;1800;05/01/2023;128400
cell0020;1800;06/01/2023;107500
cell0020;1800;07/01/2023;98900
cell0020;1800;08/01/2023;87500
cell0020;1800;09/01/2023;72300
cell0020;1800;10/01/2023;73200
cell0020;1800;11/01/2023;93300
cell0020;1800;12/01/2023;223900
cell0020;1800;13/01/2023;214500
cell0020;1800;14/01/2023;132600
cell0020;1800;15/01/2023;113900
cell0020;1800;16/01/2023;136300
cell0020;1800;17/01/2023;104200
cell0020;1800;18/01/2023;227000
cell0020;1800;19/01/2023;171200
cell0020;1800;20/01/2023;180900
cell0020;1800;21/01/2023;222600
cell0020;1800;22/01/2023;257300
cell0020;1800;23/01/2023;150900
cell0020;1800;24/01/2023;196000
cell0020;1800;25/01/2023;162500
cell0020;1800;26/01/2023;151400
cell0020;1800;27/01/2023;121700
cell0020;1800;28/01/2023;111300
cell0020;1800;29/01/2023;147500
cell0020;1800;30/01/2023;159400
cell0020;1800;31/01/2023;169200
cell0020;1800;01/02/2023;344200
cell0020;1800;02/02/2023;147600
cell0020;1800;03/02/2023;369100
cell0020;1800;04/02/2023;337000
cell0020;1800;05/02/2023;329300
cell0020;1800;06/02/2023;294400
cell0020;1800;07/02/2023;500001
cell0020;1800;08/02/2023;394400
cell0020;1800;09/02/2023;332400
cell0020;1800;10/02/2023;276300
cell0020;1800;11/02/2023;234800
cell0020;1800;12/02/2023;210000
cell0020;1800;13/02/2023;112500
cell0020;1800;14/02/2023;212500
cell0020;1800;15/02/2023;245800
cell0020;1800;16/02/2023;275000
cell0020;1800;17/02/2023;193800
cell0020;1800;18/02/2023;241700
cell0020;1800;19/02/2023;342200
cell0020;1800;20/02/2023;226000
cell0020;1800;21/02/2023;252700
cell0020;1800;22/02/2023;220600
cell0020;1800;23/02/2023;231300
cell0020;1800;24/02/2023;284900
cell0020;1800;25/02/2023;298600
cell0020;1800;26/02/2023;321800
cell0020;1800;27/02/2023;297700
cell0020;1800;28/02/2023;388300
cell0020;1800;01/03/2023;396400
cell0020;1800;02/03/2023;466700
cell0020;1800;03/03/2023;500001
cell0020;1800;04/03/2023;158200
cell0020;1800;05/03/2023;142200
cell0020;1800;06/03/2023;116600
cell0020;1800;07/03/2023;91500
cell0020;1800;08/03/2023;159400
cell0020;1800;09/03/2023;97600
cell0020;1800;10/03/2023;114500
cell0020;1800;11/03/2023;83400
cell0020;1800;12/03/2023;90000
cell0020;1800;13/03/2023;72600
cell0020;1800;14/03/2023;70800
cell0020;1800;15/03/2023;67700
cell0020;1800;16/03/2023;85800
cell0020;1800;17/03/2023;78800
cell0020;1800;18/03/2023;93000
cell0020;1800;19/03/2023;106500
cell0020;1800;20/03/2023;161100
cell0020;1800;21/03/2023;138700
cell0020;1800;22/03/2023;124600
cell0020;1800;23/03/2023;155600
cell0020;1800;24/03/2023;137300
cell0020;1800;25/03/2023;134400
cell0020;1800;26/03/2023;146700
cell0020;1800;27/03/2023;146900
cell0020;1800;28/03/2023;247000
cell0020;1800;29/03/2023;359000
cell0020;1800;30/03/2023;205000
cell0020;1800;31/03/2023;142600
cell0020;1800;01/04/2023;127200
cell0020;1800;02/04/2023;117000
cell0020;1800;03/04/2023;124500
cell0020;1800;04/04/2023;131300
cell0020;1800;05/04/2023;207000
cell0020;1800;06/04/2023;255800
cell0020;1800;07/04/2023;171900
cell0020;1800;08/04/2023;340300
cell0020;1800;09/04/2023;296200
cell0020;1800;10/04/2023;213400
cell0020;1800;11/04/2023;324600
cell0020;1800;12/04/2023;396000
cell0020;1800;13/04/2023;485300
cell0020;1800;14/04/2023;439900
cell0020;1800;15/04/2023;406200
cell0020;1800;16/04/2023;425900
cell0020;1800;17/04/2023;370500
cell0020;1800;18/04/2023;500001
cell0020;1800;19/04/2023;500001
cell0020;1800;20/04/2023;500001
cell0020;1800;21/04/2023;500001
cell0020;1800;22/04/2023;500001
cell0020;1800;23/04/2023;311900
cell0020;1800;24/04/2023;307400
cell0020;1800;25/04/2023;258300
cell0020;1800;26/04/2023;212500
cell0020;1800;27/04/2023;295500
cell0020;1800;28/04/2023;340400
cell0020;1800;29/04/2023;275000
cell0020;1800;30/04/2023;317100
cell0020;1800;01/05/2023;291700
cell0020;1800;02/05/2023;350000
cell0020;1800;03/05/2023;385300
cell0020;1800;04/05/2023;362500
cell0020;1800;05/05/2023;216700
cell0020;1800;06/05/2023;205800
cell0020;1800;07/05/2023;208300
cell0020;1800;08/05/2023;257100
cell0020;1800;09/05/2023;286800
cell0020;1800;10/05/2023;248200
cell0020;1800;11/05/2023;367400
cell0020;1800;12/05/2023;383600
cell0020;1800;13/05/2023;400000
cell0020;1800;14/05/2023;345800
cell0020;1800;15/05/2023;496400
cell0020;1800;16/05/2023;151600
cell0020;1800;17/05/2023;163100
cell0020;1800;18/05/2023;99300
cell0020;1800;19/05/2023;132400
cell0020;1800;20/05/2023;123700
cell0020;1800;21/05/2023;88300
cell0020;1800;22/05/2023;87500
cell0020;1800;23/05/2023;72100
cell0020;1800;24/05/2023;59300
cell0020;1800;25/05/2023;146500
cell0020;1800;26/05/2023;154600
cell0020;1800;27/05/2023;136000
cell0020;1800;28/05/2023;121900
cell0020;1800;29/05/2023;158500
cell0020;1800;30/05/2023;225600
cell0020;1800;31/05/2023;500001
cell0020;1800;01/06/2023;227100
cell0020;1800;02/06/2023;299600
cell0020;1800;03/06/2023;319800
cell0020;1800;04/06/2023;240900
cell0020;1800;05/06/2023;278300
cell0020;1800;06/06/2023;269600
cell0020;1800;07/06/2023;369800
cell0020;1800;08/06/2023;393500
cell0020;1800;09/06/2023;226900
cell0020;1800;10/06/2023;500001
cell0020;1800;11/06/2023;500001
cell0020;1800;12/06/2023;500001
cell0020;1800;13/06/2023;500001
cell0020;1800;14/06/2023;500001
cell0020;1800;15/06/2023;500001
cell0020;1800;16/06/2023;500001
cell0020;1800;17/06/2023;500001
cell0020;1800;18/06/2023;326500
cell0020;1800;19/06/2023;290600
cell0020;1800;20/06/2023;227800
cell0020;1800;21/06/2023;450000
cell0020;1800;22/06/2023;165300
cell0020;1800;23/06/2023;93300
cell0020;1800;24/06/2023;124400
cell0020;1800;25/06/2023;125700
cell0020;1800;26/06/2023;117600
cell0020;1800;27/06/2023;110400
cell0020;1800;28/06/2023;250000
cell0020;1800;29/06/2023;95300
cell0020;1800;30/06/2023;96400
cell0020;1800;01/07/2023;97600
cell0020;1800;02/07/2023;83800
cell0020;1800;03/07/2023;87800
cell0020;1800;04/07/2023;87500
cell0020;1800;05/07/2023;78800
cell0020;1800;06/07/2023;70200
cell0020;1800;07/07/2023;62900
cell0020;1800;08/07/2023;73000
cell0020;1800;09/07/2023;82100
cell0020;1800;10/07/2023;85700
cell0020;1800;11/07/2023;138200
cell0020;1800;12/07/2023;164800
cell0020;1800;13/07/2023;127200
cell0020;1800;14/07/2023;228900
cell0020;1800;15/07/2023;429000
cell0020;1800;16/07/2023;198500
cell0020;1800;17/07/2023;196700
cell0020;1800;18/07/2023;90800
cell0020;1800;19/07/2023;177500
cell0020;1800;20/07/2023;156900
cell0020;1800;21/07/2023;150700
cell0020;1800;22/07/2023;139300
cell0020;1800;23/07/2023;215700
cell0020;1800;24/07/2023;342400
cell0020;1800;25/07/2023;367100
cell0020;1800;26/07/2023;122400
cell0020;1800;27/07/2023;214600
cell0020;1800;28/07/2023;215800
cell0020;1800;29/07/2023;220900
cell0020;1800;30/07/2023;148700
cell0020;1800;31/07/2023;286100
cell0020;1800;01/08/2023;387800
cell0020;1800;02/08/2023;382100
cell0020;1800;03/08/2023;230700
cell0020;1800;04/08/2023;488900
cell0020;1800;05/08/2023;500001
cell0020;1800;06/08/2023;410000
cell0020;1800;07/08/2023;500001
cell0020;1800;08/08/2023;405200
cell0020;1800;09/08/2023;500001
cell0020;1800;10/08/2023;53300
cell0020;1800;11/08/2023;55600
cell0020;1800;12/08/2023;100400
cell0020;1800;13/08/2023;128600
cell0020;1800;14/08/2023;86800
cell0020;1800;15/08/2023;122200
cell0020;1800;16/08/2023;90700
cell0020;1800;17/08/2023;122100
cell0020;1800;18/08/2023;97400
cell0020;1800;19/08/2023;122200
cell0020;1800;20/08/2023;93300
cell0020;1800;21/08/2023;81900
cell0020;1800;22/08/2023;76800
cell0020;1800;23/08/2023;66100
cell0020;1800;24/08/2023;70600
cell0020;1800;25/08/2023;69500
cell0020;1800;26/08/2023;90800
cell0020;1800;27/08/2023;136700
cell0020;1800;28/08/2023;135700
cell0020;1800;29/08/2023;86900
cell0020;1800;30/08/2023;152700
cell0020;1800;31/08/2023;118000
cell0020;1800;01/09/2023;114600
cell0020;1800;02/09/2023;163600
cell0020;1800;03/09/2023;98600
cell0020;1800;04/09/2023;175600
cell0020;1800;05/09/2023;165800
cell0020;1800;06/09/2023;157300
cell0020;1800;07/09/2023;178100
cell0020;1800;08/09/2023;267900
cell0020;1800;09/09/2023;252700
cell0020;1800;10/09/2023;360300
cell0020;1800;11/09/2023;381300
cell0020;1800;12/09/2023;500000
cell0020;1800;13/09/2023;193800
cell0020;1800;14/09/2023;500000
cell0020;1800;15/09/2023;266700
cell0020;1800;16/09/2023;247700
cell0020;1800;17/09/2023;358600
cell0020;1800;18/09/2023;40400
cell0020;1800;19/09/2023;68300
cell0020;1800;20/09/2023;108300
cell0020;1800;21/09/2023;88300
cell0020;1800;22/09/2023;102600
cell0020;1800;23/09/2023;97000
cell0020;1800;24/09/2023;97300
cell0020;1800;25/09/2023;97600
cell0020;1800;26/09/2023;82900
cell0020;1800;27/09/2023;90000
cell0020;1800;28/09/2023;77900
cell0020;1800;29/09/2023;75800
cell0020;1800;30/09/2023;68200
cell0020;1800;01/10/2023;72100
cell0020;1800;02/10/2023;65800
cell0020;1800;03/10/2023;68000
cell0020;1800;04/10/2023;78800
cell0020;1800;05/10/2023;197700
cell0020;1800;06/10/2023;160600
cell0020;1800;07/10/2023;118300
cell0020;1800;08/10/2023;110000
cell0020;1800;09/10/2023;162200
cell0020;1800;10/10/2023;153800
cell0020;1800;11/10/2023;157300
cell0020;1800;12/10/2023;160600
cell0020;1800;13/10/2023;111400
cell0020;1800;14/10/2023;87500
cell0020;1800;15/10/2023;183000
cell0020;1800;16/10/2023;168800
cell0020;1800;17/10/2023;259800
cell0020;1800;18/10/2023;346700
cell0020;1800;19/10/2023;338700
cell0020;1800;20/10/2023;300000
cell0020;1800;21/10/2023;286900
cell0020;1800;22/10/2023;500001
cell0020;1800;23/10/2023;500001
cell0020;1800;24/10/2023;56500
cell0020;1800;25/10/2023;85400
cell0020;1800;26/10/2023;74300
cell0020;1800;27/10/2023;98200
cell0020;1800;28/10/2023;105100
cell0020;1800;29/10/2023;96500
cell0020;1800;30/10/2023;111100
cell0020;1800;31/10/2023;137100
cell0020;1800;01/11/2023;89700
cell0020;1800;02/11/2023;88000
cell0020;1800;03/11/2023;115000
cell0020;1800;04/11/2023;89000
cell0020;1800;05/11/2023;71500
cell0020;1800;06/11/2023;63500
cell0020;1800;07/11/2023;67000
cell0020;1800;08/11/2023;73300
cell0020;1800;09/11/2023;115700
cell0020;1800;10/11/2023;133800
cell0020;1800;11/11/2023;131000
cell0020;1800;12/11/2023;98500
cell0020;1800;13/11/2023;184100
cell0020;1800;14/11/2023;182600
cell0020;1800;15/11/2023;343200
cell0020;1800;16/11/2023;284800
cell0020;1800;17/11/2023;295100
cell0020;1800;18/11/2023;331300
cell0020;1800;19/11/2023;500001
cell0020;1800;20/11/2023;79900
cell0020;1800;21/11/2023;82300
cell0020;1800;22/11/2023;116700
cell0020;1800;23/11/2023;104000
cell0020;1800;24/11/2023;71900
cell0020;1800;25/11/2023;123400
cell0020;1800;26/11/2023;151900
cell0020;1800;27/11/2023;97900
cell0020;1800;28/11/2023;87100
cell0020;1800;29/11/2023;122200
cell0020;1800;30/11/2023;96000
cell0020;1800;01/12/2023;86100
cell0020;1800;02/12/2023;89400
cell0020;1800;03/12/2023;65500
cell0020;1800;04/12/2023;66400
cell0020;1800;05/12/2023;68500
cell0020;1800;06/12/2023;70900
cell0020;1800;07/12/2023;64900
cell0020;1800;08/12/2023;64100
cell0020;1800;09/12/2023;68100
cell0020;1800;10/12/2023;73700
cell0020;1800;11/12/2023;74600
cell0020;1800;12/12/2023;69900
cell0020;1800;13/12/2023;81500
cell0020;1800;14/12/2023;70900
cell0020;1800;15/12/2023;88300
cell0020;1800;16/12/2023;149500
cell0020;1800;17/12/2023;134600
cell0020;1800;18/12/2023;151600
cell0020;1800;19/12/2023;134500
cell0020;1800;20/12/2023;129300
cell0020;1800;21/12/2023;140300
cell0020;1800;22/12/2023;129200
cell0020;1800;23/12/2023;157400
cell0020;1800;24/12/2023;102300
cell0020;1800;25/12/2023;97100
cell0020;1800;26/12/2023;215500
cell0020;1800;27/12/2023;87700
cell0020;1800;28/12/2023;224400
cell0020;1800;29/12/2023;188100
cell0020;1800;30/12/2023;500001
cell0020;1800;31/12/2023;369400
cell0020;1800;01/01/2024;492500
cell0020;1800;02/01/2024;500001
cell0020;1800;03/01/2024;500001
cell0020;1800;04/01/2024;91700
cell0020;1800;05/01/2024;92800
cell0020;1800;06/01/2024;115600
cell0020;1800;07/01/2024;93400
cell0020;1800;08/01/2024;93100
cell0020;1800;09/01/2024;120100
cell0020;1800;10/01/2024;103300
cell0020;1800;11/01/2024;109000
cell0020;1800;12/01/2024;106500
cell0020;1800;13/01/2024;131000
cell0020;1800;14/01/2024;66600
cell0020;1800;15/01/2024;70400
cell0020;1800;16/01/2024;66400
cell0020;1800;17/01/2024;70500
cell0020;1800;18/01/2024;67300
cell0020;1800;19/01/2024;59700
cell0020;1800;20/01/2024;78800
cell0020;1800;21/01/2024;75300
cell0020;1800;22/01/2024;78600
cell0020;1800;23/01/2024;84000
cell0020;1800;24/01/2024;85500
cell0020;1800;25/01/2024;84000
cell0020;1800;26/01/2024;63500
cell0020;1800;27/01/2024;73100
cell0020;1800;28/01/2024;123100
cell0020;1800;29/01/2024;129900
cell0020;1800;30/01/2024;133500
cell0020;1800;31/01/2024;144500
cell0020;1800;01/02/2024;173900
cell0020;1800;02/02/2024;500001
cell0020;1800;03/02/2024;170900
cell0020;1800;04/02/2024;186900
cell0020;1800;05/02/2024;169300
cell0020;1800;06/02/2024;91700
cell0020;1800;07/02/2024;108900
cell0020;1800;08/02/2024;262100
cell0020;1800;09/02/2024;354000
cell0020;1800;10/02/2024;394400
cell0020;1800;11/02/2024;97100
cell0020;1800;12/02/2024;113500
cell0020;1800;13/02/2024;119900
cell0020;1800;14/02/2024;106300
cell0020;1800;15/02/2024;67800
cell0020;1800;16/02/2024;69700
cell0020;1800;17/02/2024;93200
cell0020;1800;18/02/2024;72400
cell0020;1800;19/02/2024;84500
cell0020;1800;20/02/2024;86700
cell0020;1800;21/02/2024;68200
cell0020;1800;22/02/2024;67000
cell0020;1800;23/02/2024;65000
cell0020;1800;24/02/2024;73100
cell0020;1800;25/02/2024;116700
cell0020;1800;26/02/2024;123700
cell0020;1800;27/02/2024;106300
cell0020;1800;28/02/2024;162500
cell0020;1800;29/02/2024;187800
cell0020;1800;01/03/2024;100600
cell0020;1800;02/03/2024;143400
cell0020;1800;03/03/2024;155600
cell0020;1800;04/03/2024;127900
cell0020;1800;05/03/2024;91200
cell0020;1800;06/03/2024;85800
cell0020;1800;07/03/2024;281300
cell0020;1800;08/03/2024;314300
cell0020;1800;09/03/2024;100500
cell0020;1800;10/03/2024;72700
cell0020;1800;11/03/2024;81600
cell0020;1800;12/03/2024;70300
cell0020;1800;13/03/2024;70600
cell0020;1800;14/03/2024;90600
cell0020;1800;15/03/2024;103800
cell0020;1800;16/03/2024;93700
cell0020;1800;17/03/2024;90500
cell0020;1800;18/03/2024;85400
cell0020;1800;19/03/2024;101600
cell0020;1800;20/03/2024;103400
cell0020;1800;21/03/2024;184500
cell0020;1800;22/03/2024;236500
cell0020;1800;23/03/2024;214500
cell0020;1800;24/03/2024;211300
cell0020;1800;25/03/2024;154300
cell0020;1800;26/03/2024;273300
cell0020;1800;27/03/2024;141000
cell0020;1800;28/03/2024;145700
cell0020;1800;29/03/2024;216100
cell0020;1800;30/03/2024;224500
cell0020;1800;31/03/2024;274100
cell0020;1800;01/04/2024;243700
cell0020;1800;02/04/2024;187500
cell0020;1800;03/04/2024;178500
cell0020;1800;04/04/2024;283300
cell0020;1800;05/04/2024;357100
cell0020;1800;06/04/2024;98000
cell0020;1800;07/04/2024;95600
cell0020;1800;08/04/2024;133200
cell0020;1800;09/04/2024;79200
cell0020;1800;10/04/2024;73400
cell0020;1800;11/04/2024;84500
cell0020;1800;12/04/2024;126500
cell0020;1800;13/04/2024;111500
cell0020;1800;14/04/2024;146800
cell0020;1800;15/04/2024;95300
cell0020;1800;16/04/2024;87800
cell0020;1800;17/04/2024;112500
cell0020;1800;18/04/2024;85900
cell0020;1800;19/04/2024;122500
cell0020;1800;20/04/2024;235200
cell0020;1800;21/04/2024;204800
cell0020;1800;22/04/2024;111300
cell0020;1800;23/04/2024;125000
cell0020;1800;24/04/2024;109200
cell0020;1800;25/04/2024;189800
cell0020;1800;26/04/2024;150300
cell0020;1800;27/04/2024;117100
cell0020;1800;28/04/2024;142900
cell0020;1800;29/04/2024;169700
cell0020;1800;30/04/2024;198100
cell0020;1800;01/05/2024;198000
cell0020;1800;02/05/2024;185600
cell0020;1800;03/05/2024;206300
cell0020;1800;04/05/2024;91300
cell0020;1800;05/05/2024;122100
cell0020;1800;06/05/2024;157200
cell0020;1800;07/05/2024;107100
cell0020;1800;08/05/2024;92800
cell0020;1800;09/05/2024;88600
cell0020;1800;10/05/2024;125800
cell0020;1800;11/05/2024;105100
cell0020;1800;12/05/2024;92900
cell0020;1800;13/05/2024;82300
cell0020;1800;14/05/2024;80700
cell0020;1800;15/05/2024;82200
cell0020;1800;16/05/2024;189800
cell0020;1800;17/05/2024;240500
cell0020;1800;18/05/2024;159300
cell0020;1800;19/05/2024;169900
cell0020;1800;20/05/2024;166100
cell0020;1800;21/05/2024;185400
cell0020;1800;22/05/2024;181800
cell0020;1800;23/05/2024;500001
cell0020;1800;24/05/2024;35000
cell0020;1800;25/05/2024;133200
cell0020;1800;26/05/2024;118500
cell0020;1800;27/05/2024;140800
cell0020;1800;28/05/2024;118200
cell0020;1800;29/05/2024;86100
cell0020;1800;30/05/2024;91300
cell0020;1800;31/05/2024;115000
cell0020;1800;01/06/2024;262500
cell0020;1800;02/06/2024;124200
cell0020;1800;03/06/2024;90600
cell0020;1800;04/06/2024;88900
cell0020;1800;05/06/2024;114200
cell0020;1800;06/06/2024;125000
cell0020;1800;07/06/2024;95800
cell0020;1800;08/06/2024;84800
cell0020;1800;09/06/2024;92400
cell0020;1800;10/06/2024;216600
cell0020;1800;11/06/2024;142600
cell0020;1800;12/06/2024;140100
cell0020;1800;13/06/2024;219600
cell0020;1800;14/06/2024;123800
cell0020;1800;15/06/2024;125600
cell0020;1800;16/06/2024;99600
cell0020;1800;17/06/2024;187500
cell0020;1800;18/06/2024;208600
cell0020;1800;19/06/2024;173800
cell0020;1800;20/06/2024;192500
cell0020;1800;21/06/2024;266700
cell0020;1800;22/06/2024;121400
cell0020;1800;23/06/2024;221300
cell0020;1800;24/06/2024;137500
cell0020;1800;25/06/2024;161400
cell0020;1800;26/06/2024;107800
cell0020;1800;27/06/2024;112900
cell0020;1800;28/06/2024;105200
cell0020;1800;29/06/2024;101200
cell0020;1800;30/06/2024;127600
cell0020;1800;01/07/2024;106400
cell0020;1800;02/07/2024;96700
cell0020;1800;03/07/2024;175900
cell0020;1800;04/07/2024;83800
cell0020;1800;05/07/2024;224200
cell0020;1800;06/07/2024;141700
cell0020;1800;07/07/2024;226900
cell0020;1800;08/07/2024;204600
cell0020;1800;09/07/2024;239800
cell0020;1800;10/07/2024;295200
cell0020;1800;11/07/2024;96000
cell0020;1800;12/07/2024;90600
cell0020;1800;13/07/2024;121900
cell0020;1800;14/07/2024;209400
cell0020;1800;15/07/2024;200000
cell0020;1800;16/07/2024;116800
cell0020;1800;17/07/2024;112800
cell0020;1800;18/07/2024;240000
cell0020;1800;19/07/2024;275000
cell0020;1800;20/07/2024;103500
cell0020;1800;21/07/2024;59000
cell0020;1800;22/07/2024;181400
cell0020;1800;23/07/2024;279500
cell0020;1800;24/07/2024;159400
cell0020;1800;25/07/2024;300900
cell0020;1800;26/07/2024;364600
cell0020;1800;27/07/2024;85600
cell0020;1800;28/07/2024;358800
cell0020;1800;29/07/2024;272600
